FirstName,LastName,Email,PhoneNumber,Address
John,Doe,john.doe@example.com,123-456-7890,123 Elm St
Jane,Smith,jane.smith@example.com,987-654-3210,456 Maple St
Michael,Brown,michael.brown@example.com,555-123-4567,789 Oak St
Emily,Davis,emily.davis@example.com,444-555-6666,321 Pine St
Chris,Johnson,chris.johnson@example.com,333-222-1111,654 Cedar St
Jessica,Garcia,jessica.garcia@example.com,222-333-4444,987 Birch St
Matthew,Williams,matthew.williams@example.com,111-222-3333,567 Willow Rd
Sarah,Miller,sarah.miller@example.com,888-999-0000,432 Ash Dr
David,Martinez,david.martinez@example.com,777-888-9999,876 Spruce Ln
Laura,Hernandez,laura.hernandez@example.com,666-777-8888,123 Alder Rd
James,Wilson,james.wilson@example.com,555-444-3333,654 Aspen Rd
Amanda,Lopez,amanda.lopez@example.com,444-333-2222,876 Redwood Dr
Daniel,Clark,daniel.clark@example.com,333-111-2222,234 Chestnut Ln
Ashley,Rodriguez,ashley.rodriguez@example.com,222-000-1111,567 Beech St
Ryan,Lewis,ryan.lewis@example.com,111-999-8888,890 Poplar Ln
Olivia,Walker,olivia.walker@example.com,999-111-0000,678 Walnut Rd
Joshua,Hall,joshua.hall@example.com,888-777-6666,543 Cypress Ave
Sophia,Allen,sophia.allen@example.com,777-666-5555,345 Fir St
Andrew,Young,andrew.young@example.com,666-555-4444,234 Cherry Ln
Emma,Hill,emma.hill@example.com,555-333-2222,789 Palm Rd
Tyler,King,tyler.king@example.com,444-222-1111,678 Cherry Ln
Chloe,Scott,chloe.scott@example.com,333-444-5555,890 Pinewood Dr
Ethan,Wright,ethan.wright@example.com,222-555-7777,123 Acorn Rd
Ava,Baker,ava.baker@example.com,111-444-6666,567 Spruce Ave
Brandon,Adams,brandon.adams@example.com,999-888-7777,345 Cedarwood Rd
Isabella,Harris,isabella.harris@example.com,888-666-9999,234 Redwood St
Nathan,Perez,nathan.perez@example.com,777-999-3333,678 Maplewood Ln
Mia,Carter,mia.carter@example.com,666-111-4444,543 Birchwood Rd
Logan,Evans,logan.evans@example.com,555-000-9999,890 Willowwood Ln
Sophia,Mitchell,sophia.mitchell@example.com,444-888-7777,123 Ridgewood Rd
